IoC,Type
mmunity.com,Domain
steam-pubgvn.top,Domain
steamauthconnection.store,Domain
steamcommnunity.com,Domain
steamcommunitay.com,Domain
steamcommunitfy.com,Domain
steamcommunitihy.icu,Domain
steamcommunitiny.com,Domain
steamcommunitweya.art,Domain
steamcommunl1ty.com,Domain
steamcommunllity.com,Domain
steamcommunty.ru,Domain
steamcommununity.cam,Domain
steamcommunutiy.com,Domain
steamcomnunityty.com,Domain
steamcomnunlity.com,Domain
steamcomnuty.com,Domain
steamcomrnnunlty.com,Domain
steamcomun1ty.com,Domain
steamcomuniry.com,Domain
steamconmunify.com,Domain
steamconnection.store,Domain
steamcornmunlty.ru,Domain
steamcornrnunlty.ru,Domain
steamlinks-short.com,Domain
stearncommunjty.com,Domain
stearncommunnity.com,Domain
stearncomnunity.com,Domain
stearncornnunity.com,Domain
steeamcommunitty.com,Domain
unevwsteeamcommunitty.com,Domain
